end_price,image_urls,img_url,model,model_url,shops,start_price
18062,https://s.ek.ua/jpg/1811433.jpg,https://s.ek.ua/jpg/1811433.jpg,Gorenje NRK 6191 ES4,https://ek.ua/ua/ua/GORENJE-NRK-6191-ES4.htm,"590.ua,Denika.ua,Savecash.com.ua,Foroom.com.ua,Цифра,Stylus.ua,Aligator.com.ua",12299
18062,https://s.ek.ua/jpg/1811433.jpg,https://s.ek.ua/jpg/1811433.jpg,Gorenje NRK 6191 ES4,https://ek.ua/ua/ua/GORENJE-NRK-6191-ES4.htm,"590.ua,Denika.ua,Savecash.com.ua,Foroom.com.ua,Цифра,Stylus.ua,Aligator.com.ua",12299
14549,https://s.ek.ua/jpg/423476.jpg,https://s.ek.ua/jpg/423476.jpg,Bosch KGV36UW20,https://ek.ua/ua/ua/BOSCH-KGV36UW20.htm,"AVR-group.com.ua,Moyo.ua,Bs-partner.com.ua,Savecash.com.ua,Eldom.com.ua,575.in.ua,Repka.ua",11145
14549,https://s.ek.ua/jpg/423476.jpg,https://s.ek.ua/jpg/423476.jpg,Bosch KGV36UW20,https://ek.ua/ua/ua/BOSCH-KGV36UW20.htm,"AVR-group.com.ua,Moyo.ua,Bs-partner.com.ua,Savecash.com.ua,Eldom.com.ua,575.in.ua,Repka.ua",11145
14399,https://s.ek.ua/jpg/1525793.jpg,https://s.ek.ua/jpg/1525793.jpg,Liebherr CU 3331,https://ek.ua/ua/ua/LIEBHERR-CU-3331.htm,"Pro100market.com.ua,Denika.ua,Foroom.com.ua,Vodogreyka.com.ua,Цифра,Stylus.ua,Algtm.com.ua",12284
14399,https://s.ek.ua/jpg/1525793.jpg,https://s.ek.ua/jpg/1525793.jpg,Liebherr CU 3331,https://ek.ua/ua/ua/LIEBHERR-CU-3331.htm,"Pro100market.com.ua,Denika.ua,Foroom.com.ua,Vodogreyka.com.ua,Цифра,Stylus.ua,Algtm.com.ua",12284
24699,https://s.ek.ua/jpg/1889532.jpg,https://s.ek.ua/jpg/1889532.jpg,Samsung RB38T676FSA,https://ek.ua/ua/ua/SAMSUNG-RB38T676FSA.htm,"AVR-group.com.ua,Pro100market.com.ua,Savecash.com.ua,Denika.ua,Foroom.com.ua,Vodogreyka.com.ua,ITfree.com.ua",19227
24699,https://s.ek.ua/jpg/1889532.jpg,https://s.ek.ua/jpg/1889532.jpg,Samsung RB38T676FSA,https://ek.ua/ua/ua/SAMSUNG-RB38T676FSA.htm,"AVR-group.com.ua,Pro100market.com.ua,Savecash.com.ua,Denika.ua,Foroom.com.ua,Vodogreyka.com.ua,ITfree.com.ua",19227
23190,https://s.ek.ua/jpg/1653633.jpg,https://s.ek.ua/jpg/1653633.jpg,Bosch KGN39XW326,https://ek.ua/ua/ua/BOSCH-KGN39XW326.htm,"Moyo.ua,590.ua,Bs-partner.com.ua,Pro100market.com.ua,Savecash.com.ua,Denika.ua,Foroom.com.ua",18056
23190,https://s.ek.ua/jpg/1653633.jpg,https://s.ek.ua/jpg/1653633.jpg,Bosch KGN39XW326,https://ek.ua/ua/ua/BOSCH-KGN39XW326.htm,"Moyo.ua,590.ua,Bs-partner.com.ua,Pro100market.com.ua,Savecash.com.ua,Denika.ua,Foroom.com.ua",18056
16898,https://s.ek.ua/jpg/1915242.jpg,https://s.ek.ua/jpg/1915242.jpg,Samsung RT32K5000S9,https://ek.ua/ua/ua/SAMSUNG-RT32K5000S9.htm,"AVR-group.com.ua,Pro100market.com.ua,Denika.ua,Savecash.com.ua,Foroom.com.ua,Vodogreyka.com.ua,Цифра",14689
16898,https://s.ek.ua/jpg/1915242.jpg,https://s.ek.ua/jpg/1915242.jpg,Samsung RT32K5000S9,https://ek.ua/ua/ua/SAMSUNG-RT32K5000S9.htm,"AVR-group.com.ua,Pro100market.com.ua,Denika.ua,Savecash.com.ua,Foroom.com.ua,Vodogreyka.com.ua,Цифра",14689
11507,https://s.ek.ua/jpg/890703.jpg,https://s.ek.ua/jpg/890703.jpg,Indesit LR 6 S1 W,https://ek.ua/ua/ua/INDESIT-LR-6-S1-W.htm,"Eldom.com.ua,575.in.ua",8599
11507,https://s.ek.ua/jpg/890703.jpg,https://s.ek.ua/jpg/890703.jpg,Indesit LR 6 S1 W,https://ek.ua/ua/ua/INDESIT-LR-6-S1-W.htm,"Eldom.com.ua,575.in.ua",8599
26246,https://s.ek.ua/jpg/856119.jpg,https://s.ek.ua/jpg/856119.jpg,Samsung RT46K6340EF,https://ek.ua/ua/ua/SAMSUNG-RT46K6340EF.htm,"AVR-group.com.ua,Pro100market.com.ua,Savecash.com.ua,Denika.ua,Foroom.com.ua,Stylus.ua,Цифра",21899
26246,https://s.ek.ua/jpg/856119.jpg,https://s.ek.ua/jpg/856119.jpg,Samsung RT46K6340EF,https://ek.ua/ua/ua/SAMSUNG-RT46K6340EF.htm,"AVR-group.com.ua,Pro100market.com.ua,Savecash.com.ua,Denika.ua,Foroom.com.ua,Stylus.ua,Цифра",21899
11393,https://s.ek.ua/jpg/45878.jpg,https://s.ek.ua/jpg/45878.jpg,Atlant MXM-2835-90,https://ek.ua/ua/ua/ATLANT-MXM-2835-90.htm,"Pro100market.com.ua,Denika.ua,Vodogreyka.com.ua,Цифра,Stylus.ua,Tehnoprofi.com.ua,Enko.com.ua",9639
11393,https://s.ek.ua/jpg/45878.jpg,https://s.ek.ua/jpg/45878.jpg,Atlant MXM-2835-90,https://ek.ua/ua/ua/ATLANT-MXM-2835-90.htm,"Pro100market.com.ua,Denika.ua,Vodogreyka.com.ua,Цифра,Stylus.ua,Tehnoprofi.com.ua,Enko.com.ua",9639
22726,https://s.ek.ua/jpg/1823345.jpg,https://s.ek.ua/jpg/1823345.jpg,Gorenje NRK 6202 AXL4,https://ek.ua/ua/ua/GORENJE-NRK-6202-AXL4.htm,"590.ua,Tehnoprofi.com.ua,Algtm.com.ua,Click24.in.ua,Tomdom.prom.ua,click24.biz,Click24.in.ua",15500
22726,https://s.ek.ua/jpg/1823345.jpg,https://s.ek.ua/jpg/1823345.jpg,Gorenje NRK 6202 AXL4,https://ek.ua/ua/ua/GORENJE-NRK-6202-AXL4.htm,"590.ua,Tehnoprofi.com.ua,Algtm.com.ua,Click24.in.ua,Tomdom.prom.ua,click24.biz,Click24.in.ua",15500
13499,https://s.ek.ua/jpg/1275356.jpg,https://s.ek.ua/jpg/1275356.jpg,Indesit IBS 18 AA,https://ek.ua/ua/ua/INDESIT-IBS-18-AA.htm,"Pro100market.com.ua,Denika.ua,Foroom.com.ua,Vodogreyka.com.ua,Zhuk.ua,Rozetka.ua",10584
13499,https://s.ek.ua/jpg/1275356.jpg,https://s.ek.ua/jpg/1275356.jpg,Indesit IBS 18 AA,https://ek.ua/ua/ua/INDESIT-IBS-18-AA.htm,"Pro100market.com.ua,Denika.ua,Foroom.com.ua,Vodogreyka.com.ua,Zhuk.ua,Rozetka.ua",10584
31780,https://s.ek.ua/jpg/1782791.jpg,https://s.ek.ua/jpg/1782791.jpg,Samsung RT62K7110SL,https://ek.ua/ua/ua/SAMSUNG-RT62K7110SL.htm,"AVR-group.com.ua,590.ua,Pro100market.com.ua,Denika.ua,Savecash.com.ua,Foroom.com.ua,Цифра",26599
31780,https://s.ek.ua/jpg/1782791.jpg,https://s.ek.ua/jpg/1782791.jpg,Samsung RT62K7110SL,https://ek.ua/ua/ua/SAMSUNG-RT62K7110SL.htm,"AVR-group.com.ua,590.ua,Pro100market.com.ua,Denika.ua,Savecash.com.ua,Foroom.com.ua,Цифра",26599
15335,https://s.ek.ua/jpg/1478010.jpg,https://s.ek.ua/jpg/1478010.jpg,Bosch KGN33NW20,https://ek.ua/ua/ua/BOSCH-KGN33NW20.htm,"Moyo.ua,590.ua,Bs-partner.com.ua,Pro100market.com.ua,Savecash.com.ua,Denika.ua,Foroom.com.ua",12333
15335,https://s.ek.ua/jpg/1478010.jpg,https://s.ek.ua/jpg/1478010.jpg,Bosch KGN33NW20,https://ek.ua/ua/ua/BOSCH-KGN33NW20.htm,"Moyo.ua,590.ua,Bs-partner.com.ua,Pro100market.com.ua,Savecash.com.ua,Denika.ua,Foroom.com.ua",12333
21304,https://s.ek.ua/jpg/406201.jpg,https://s.ek.ua/jpg/406201.jpg,Bosch KGV39VW31,https://ek.ua/ua/ua/BOSCH-KGV39VW31.htm,"Bs-partner.com.ua,Savecash.com.ua,Tendo.com.ua,575.in.ua,PermyCo,Cactus",13999
21304,https://s.ek.ua/jpg/406201.jpg,https://s.ek.ua/jpg/406201.jpg,Bosch KGV39VW31,https://ek.ua/ua/ua/BOSCH-KGV39VW31.htm,"Bs-partner.com.ua,Savecash.com.ua,Tendo.com.ua,575.in.ua,PermyCo,Cactus",13999
18727,https://s.ek.ua/jpg/715030.jpg,https://s.ek.ua/jpg/715030.jpg,Samsung RB30J3000WW,https://ek.ua/ua/ua/SAMSUNG-RB30J3000WW.htm,"AVR-group.com.ua,Eteka.com.ua,Foroom.com.ua,Megahit.com.ua,Timesport.prom.ua,Click24.in.ua,Zhuk.ua",12603
18727,https://s.ek.ua/jpg/715030.jpg,https://s.ek.ua/jpg/715030.jpg,Samsung RB30J3000WW,https://ek.ua/ua/ua/SAMSUNG-RB30J3000WW.htm,"AVR-group.com.ua,Eteka.com.ua,Foroom.com.ua,Megahit.com.ua,Timesport.prom.ua,Click24.in.ua,Zhuk.ua",12603
11254,https://s.ek.ua/jpg/1924692.jpg,https://s.ek.ua/jpg/1924692.jpg,Snaige FR27SM-S2000G,https://ek.ua/ua/ua/SNAIGE-FR27SM-S2000G.htm,"Pro100market.com.ua,Denika.ua,Savecash.com.ua,Vodogreyka.com.ua,Цифра,Stylus.ua,Aligator.com.ua",9699
11254,https://s.ek.ua/jpg/1924692.jpg,https://s.ek.ua/jpg/1924692.jpg,Snaige FR27SM-S2000G,https://ek.ua/ua/ua/SNAIGE-FR27SM-S2000G.htm,"Pro100market.com.ua,Denika.ua,Savecash.com.ua,Vodogreyka.com.ua,Цифра,Stylus.ua,Aligator.com.ua",9699
16137,https://s.ek.ua/jpg/1953840.jpg,https://s.ek.ua/jpg/1953840.jpg,Gorenje RK 6201 EW4,https://ek.ua/ua/ua/GORENJE-RK-6201-EW4.htm,"590.ua,Denika.ua,Цифра,Stylus.ua,Avic.ua,Cactus",11399
16137,https://s.ek.ua/jpg/1953840.jpg,https://s.ek.ua/jpg/1953840.jpg,Gorenje RK 6201 EW4,https://ek.ua/ua/ua/GORENJE-RK-6201-EW4.htm,"590.ua,Denika.ua,Цифра,Stylus.ua,Avic.ua,Cactus",11399
21980,https://s.ek.ua/jpg/1990821.jpg,https://s.ek.ua/jpg/1990821.jpg,LG GA-B509SLSM,https://ek.ua/ua/ua/LG-GA-B509SLSM.htm,"AVR-group.com.ua,Moyo.ua,Pro100market.com.ua,Savecash.com.ua,Denika.ua,Foroom.com.ua,Vodogreyka.com.ua",17733
21980,https://s.ek.ua/jpg/1990821.jpg,https://s.ek.ua/jpg/1990821.jpg,LG GA-B509SLSM,https://ek.ua/ua/ua/LG-GA-B509SLSM.htm,"AVR-group.com.ua,Moyo.ua,Pro100market.com.ua,Savecash.com.ua,Denika.ua,Foroom.com.ua,Vodogreyka.com.ua",17733
14795,https://s.ek.ua/jpg/1996684.jpg,https://s.ek.ua/jpg/1996684.jpg,Indesit ITI 4161 W,https://ek.ua/ua/ua/INDESIT-ITI-4161-W.htm,"Pro100market.com.ua,Savecash.com.ua,Denika.ua,Foroom.com.ua,Vodogreyka.com.ua,Zhuk.ua,Cactus",10918
14795,https://s.ek.ua/jpg/1996684.jpg,https://s.ek.ua/jpg/1996684.jpg,Indesit ITI 4161 W,https://ek.ua/ua/ua/INDESIT-ITI-4161-W.htm,"Pro100market.com.ua,Savecash.com.ua,Denika.ua,Foroom.com.ua,Vodogreyka.com.ua,Zhuk.ua,Cactus",10918
15916,https://s.ek.ua/jpg/1606375.jpg,https://s.ek.ua/jpg/1606375.jpg,Whirlpool W5 811E OX,https://ek.ua/ua/ua/WHIRLPOOL-W5-811E-OX.htm,"Moyo.ua,Pro100market.com.ua,Denika.ua,Savecash.com.ua,Foroom.com.ua,Vodogreyka.com.ua,Цифра",11777
15916,https://s.ek.ua/jpg/1606375.jpg,https://s.ek.ua/jpg/1606375.jpg,Whirlpool W5 811E OX,https://ek.ua/ua/ua/WHIRLPOOL-W5-811E-OX.htm,"Moyo.ua,Pro100market.com.ua,Denika.ua,Savecash.com.ua,Foroom.com.ua,Vodogreyka.com.ua,Цифра",11777
24634,https://s.ek.ua/jpg/1981893.jpg,https://s.ek.ua/jpg/1981893.jpg,Siemens KG39NAI306,https://ek.ua/ua/ua/SIEMENS-KG39NAI306.htm,"AVR-group.com.ua,Moyo.ua,590.ua,Bs-partner.com.ua,Pro100market.com.ua,Denika.ua,Savecash.com.ua",17871
24634,https://s.ek.ua/jpg/1981893.jpg,https://s.ek.ua/jpg/1981893.jpg,Siemens KG39NAI306,https://ek.ua/ua/ua/SIEMENS-KG39NAI306.htm,"AVR-group.com.ua,Moyo.ua,590.ua,Bs-partner.com.ua,Pro100market.com.ua,Denika.ua,Savecash.com.ua",17871
18033,https://s.ek.ua/jpg/1956896.jpg,https://s.ek.ua/jpg/1956896.jpg,Gorenje NRK 6191 EW4,https://ek.ua/ua/ua/GORENJE-NRK-6191-EW4.htm,"590.ua,Denika.ua,Foroom.com.ua,Stylus.ua,Цифра,Algtm.com.ua,Tehnoprofi.com.ua",10622
18033,https://s.ek.ua/jpg/1956896.jpg,https://s.ek.ua/jpg/1956896.jpg,Gorenje NRK 6191 EW4,https://ek.ua/ua/ua/GORENJE-NRK-6191-EW4.htm,"590.ua,Denika.ua,Foroom.com.ua,Stylus.ua,Цифра,Algtm.com.ua,Tehnoprofi.com.ua",10622
15344,https://s.ek.ua/jpg/1956895.jpg,https://s.ek.ua/jpg/1956895.jpg,Gorenje RK 6191 EW4,https://ek.ua/ua/ua/GORENJE-RK-6191-EW4.htm,"590.ua,Denika.ua,Savecash.com.ua,Foroom.com.ua,Цифра,Stylus.ua,Algtm.com.ua",9792
15344,https://s.ek.ua/jpg/1956895.jpg,https://s.ek.ua/jpg/1956895.jpg,Gorenje RK 6191 EW4,https://ek.ua/ua/ua/GORENJE-RK-6191-EW4.htm,"590.ua,Denika.ua,Savecash.com.ua,Foroom.com.ua,Цифра,Stylus.ua,Algtm.com.ua",9792
17692,https://s.ek.ua/jpg/1855489.jpg,https://s.ek.ua/jpg/1855489.jpg,Beko RCHA 386K30 W,https://ek.ua/ua/ua/BEKO-RCHA-386K30-W.htm,"Denika.ua,Savecash.com.ua,Stylus.ua,Цифра,575.in.ua,Avic.ua",13575
17692,https://s.ek.ua/jpg/1855489.jpg,https://s.ek.ua/jpg/1855489.jpg,Beko RCHA 386K30 W,https://ek.ua/ua/ua/BEKO-RCHA-386K30-W.htm,"Denika.ua,Savecash.com.ua,Stylus.ua,Цифра,575.in.ua,Avic.ua",13575
4033,https://s.ek.ua/jpg/1816210.jpg,https://s.ek.ua/jpg/1816210.jpg,ARCTIC AMX-098S,https://ek.ua/ua/ua/ARCTIC-AMX-098S.htm,"Denika.ua,Eldom.com.ua",3727
4033,https://s.ek.ua/jpg/1816210.jpg,https://s.ek.ua/jpg/1816210.jpg,ARCTIC AMX-098S,https://ek.ua/ua/ua/ARCTIC-AMX-098S.htm,"Denika.ua,Eldom.com.ua",3727
8949,https://s.ek.ua/jpg/1924690.jpg,https://s.ek.ua/jpg/1924690.jpg,Snaige FR24SM-S2000F,https://ek.ua/ua/ua/SNAIGE-FR24SM-S2000F.htm,"575.in.ua,Zhuk.ua,Cactus",8444
8949,https://s.ek.ua/jpg/1924690.jpg,https://s.ek.ua/jpg/1924690.jpg,Snaige FR24SM-S2000F,https://ek.ua/ua/ua/SNAIGE-FR24SM-S2000F.htm,"575.in.ua,Zhuk.ua,Cactus",8444
21999,https://s.ek.ua/jpg/1414779.jpg,https://s.ek.ua/jpg/1414779.jpg,Samsung RT38K5400S9,https://ek.ua/ua/ua/SAMSUNG-RT38K5400S9.htm,"AVR-group.com.ua,Pro100market.com.ua,Denika.ua,Savecash.com.ua,Foroom.com.ua,Vodogreyka.com.ua,Цифра",18794
21999,https://s.ek.ua/jpg/1414779.jpg,https://s.ek.ua/jpg/1414779.jpg,Samsung RT38K5400S9,https://ek.ua/ua/ua/SAMSUNG-RT38K5400S9.htm,"AVR-group.com.ua,Pro100market.com.ua,Denika.ua,Savecash.com.ua,Foroom.com.ua,Vodogreyka.com.ua,Цифра",18794
8619,https://s.ek.ua/jpg/1955786.jpg,https://s.ek.ua/jpg/1955786.jpg,Delfa BFH-150,https://ek.ua/ua/ua/DELFA-BFH-150.htm,"Denika.ua,Enko.com.ua,Btmax.com.ua,Zhuk.ua,Sila.kiev.ua",7440
8619,https://s.ek.ua/jpg/1955786.jpg,https://s.ek.ua/jpg/1955786.jpg,Delfa BFH-150,https://ek.ua/ua/ua/DELFA-BFH-150.htm,"Denika.ua,Enko.com.ua,Btmax.com.ua,Zhuk.ua,Sila.kiev.ua",7440
15949,https://s.ek.ua/jpg/166516.jpg,https://s.ek.ua/jpg/166516.jpg,Bosch KGV39VL306,https://ek.ua/ua/ua/BOSCH-KGV39VL306.htm,"Savecash.com.ua,575.in.ua,PermyCo,Cactus",14150
15949,https://s.ek.ua/jpg/166516.jpg,https://s.ek.ua/jpg/166516.jpg,Bosch KGV39VL306,https://ek.ua/ua/ua/BOSCH-KGV39VL306.htm,"Savecash.com.ua,575.in.ua,PermyCo,Cactus",14150
18403,https://s.ek.ua/jpg/1998538.jpg,https://s.ek.ua/jpg/1998538.jpg,Indesit ITI 4181 W,https://ek.ua/ua/ua/INDESIT-ITI-4181-W.htm,"Denika.ua,Foroom.com.ua,Btmax.com.ua,Zhuk.ua,Cactus",12199
18403,https://s.ek.ua/jpg/1998538.jpg,https://s.ek.ua/jpg/1998538.jpg,Indesit ITI 4181 W,https://ek.ua/ua/ua/INDESIT-ITI-4181-W.htm,"Denika.ua,Foroom.com.ua,Btmax.com.ua,Zhuk.ua,Cactus",12199
19132,https://s.ek.ua/jpg/887987.jpg,https://s.ek.ua/jpg/887987.jpg,Bosch KGN36NL30,https://ek.ua/ua/ua/BOSCH-KGN36NL30.htm,"Bs-partner.com.ua,Pro100market.com.ua,Savecash.com.ua,Denika.ua,Foroom.com.ua,Vodogreyka.com.ua,Цифра",12999
19132,https://s.ek.ua/jpg/887987.jpg,https://s.ek.ua/jpg/887987.jpg,Bosch KGN36NL30,https://ek.ua/ua/ua/BOSCH-KGN36NL30.htm,"Bs-partner.com.ua,Pro100market.com.ua,Savecash.com.ua,Denika.ua,Foroom.com.ua,Vodogreyka.com.ua,Цифра",12999
25802,https://s.ek.ua/jpg/1990824.jpg,https://s.ek.ua/jpg/1990824.jpg,LG GW-B509SEUM,https://ek.ua/ua/ua/LG-GW-B509SEUM.htm,"AVR-group.com.ua,Moyo.ua,Pro100market.com.ua,Savecash.com.ua,Denika.ua,Foroom.com.ua,Vodogreyka.com.ua",20966
25802,https://s.ek.ua/jpg/1990824.jpg,https://s.ek.ua/jpg/1990824.jpg,LG GW-B509SEUM,https://ek.ua/ua/ua/LG-GW-B509SEUM.htm,"AVR-group.com.ua,Moyo.ua,Pro100market.com.ua,Savecash.com.ua,Denika.ua,Foroom.com.ua,Vodogreyka.com.ua",20966
13523,https://s.ek.ua/jpg/299975.jpg,https://s.ek.ua/jpg/299975.jpg,Atlant XM-4721-501,https://ek.ua/ua/ua/ATLANT-XM-4721-501.htm,"Pro100market.com.ua,Denika.ua,Vodogreyka.com.ua,Stylus.ua,Цифра,Tehnoprofi.com.ua,Tendo.com.ua",10999
13523,https://s.ek.ua/jpg/299975.jpg,https://s.ek.ua/jpg/299975.jpg,Atlant XM-4721-501,https://ek.ua/ua/ua/ATLANT-XM-4721-501.htm,"Pro100market.com.ua,Denika.ua,Vodogreyka.com.ua,Stylus.ua,Цифра,Tehnoprofi.com.ua,Tendo.com.ua",10999
4927,https://s.ek.ua/jpg/2026489.jpg,https://s.ek.ua/jpg/2026489.jpg,Ardesto DFM-50X,https://ek.ua/ua/ua/ARDESTO-DFM-50X.htm,"Pro100market.com.ua,Denika.ua,Vodogreyka.com.ua,Цифра,Stylus.ua,Zhuk.ua,Avic.ua",3499
4927,https://s.ek.ua/jpg/2026489.jpg,https://s.ek.ua/jpg/2026489.jpg,Ardesto DFM-50X,https://ek.ua/ua/ua/ARDESTO-DFM-50X.htm,"Pro100market.com.ua,Denika.ua,Vodogreyka.com.ua,Цифра,Stylus.ua,Zhuk.ua,Avic.ua",3499
11521,https://s.ek.ua/jpg/2197215.jpg,https://s.ek.ua/jpg/2197215.jpg,Liebherr GKw 1455,https://ek.ua/ua/ua/LIEBHERR-GKW-1455.htm,"Stylus.ua,Цифра",11500
11521,https://s.ek.ua/jpg/2197215.jpg,https://s.ek.ua/jpg/2197215.jpg,Liebherr GKw 1455,https://ek.ua/ua/ua/LIEBHERR-GKW-1455.htm,"Stylus.ua,Цифра",11500
8429,https://s.ek.ua/jpg/183786.jpg,https://s.ek.ua/jpg/183786.jpg,Liebherr T 1414,https://ek.ua/ua/ua/LIEBHERR-T-1414.htm,"Algtm.com.ua,Tendo.com.ua,PermyCo,Elektrodom.com.ua,Rozetka.ua",7779
8429,https://s.ek.ua/jpg/183786.jpg,https://s.ek.ua/jpg/183786.jpg,Liebherr T 1414,https://ek.ua/ua/ua/LIEBHERR-T-1414.htm,"Algtm.com.ua,Tendo.com.ua,PermyCo,Elektrodom.com.ua,Rozetka.ua",7779
11086,https://s.ek.ua/jpg/1911218.jpg,https://s.ek.ua/jpg/1911218.jpg,Zanussi ZTAN 24 FW0,https://ek.ua/ua/ua/ZANUSSI-ZTAN-24-FW0.htm,"Moyo.ua,Denika.ua,Stylus.ua,Цифра,Repka.ua,Avic.ua",8470
11086,https://s.ek.ua/jpg/1911218.jpg,https://s.ek.ua/jpg/1911218.jpg,Zanussi ZTAN 24 FW0,https://ek.ua/ua/ua/ZANUSSI-ZTAN-24-FW0.htm,"Moyo.ua,Denika.ua,Stylus.ua,Цифра,Repka.ua,Avic.ua",8470
19945,https://s.ek.ua/jpg/1658393.jpg,https://s.ek.ua/jpg/1658393.jpg,Bosch KGN36VL326,https://ek.ua/ua/ua/BOSCH-KGN36VL326.htm,"Bs-partner.com.ua,Denika.ua,Savecash.com.ua",16399
19945,https://s.ek.ua/jpg/1658393.jpg,https://s.ek.ua/jpg/1658393.jpg,Bosch KGN36VL326,https://ek.ua/ua/ua/BOSCH-KGN36VL326.htm,"Bs-partner.com.ua,Denika.ua,Savecash.com.ua",16399
19744,https://s.ek.ua/jpg/1606284.jpg,https://s.ek.ua/jpg/1606284.jpg,LG GA-B459SLCM,https://ek.ua/ua/ua/LG-GA-B459SLCM.htm,"AVR-group.com.ua,Moyo.ua,Pro100market.com.ua,Denika.ua,Savecash.com.ua,Foroom.com.ua,Цифра",15789
19744,https://s.ek.ua/jpg/1606284.jpg,https://s.ek.ua/jpg/1606284.jpg,LG GA-B459SLCM,https://ek.ua/ua/ua/LG-GA-B459SLCM.htm,"AVR-group.com.ua,Moyo.ua,Pro100market.com.ua,Denika.ua,Savecash.com.ua,Foroom.com.ua,Цифра",15789
19756,https://s.ek.ua/jpg/855867.jpg,https://s.ek.ua/jpg/855867.jpg,Samsung RB33J3000SA,https://ek.ua/ua/ua/SAMSUNG-RB33J3000SA.htm,"Pro100market.com.ua,Denika.ua,Savecash.com.ua,Foroom.com.ua,Vodogreyka.com.ua,ITfree.com.ua,Termogaz.com.ua",15639
19756,https://s.ek.ua/jpg/855867.jpg,https://s.ek.ua/jpg/855867.jpg,Samsung RB33J3000SA,https://ek.ua/ua/ua/SAMSUNG-RB33J3000SA.htm,"Pro100market.com.ua,Denika.ua,Savecash.com.ua,Foroom.com.ua,Vodogreyka.com.ua,ITfree.com.ua,Termogaz.com.ua",15639
18062,https://s.ek.ua/jpg/1998539.jpg,https://s.ek.ua/jpg/1998539.jpg,Zanussi ZRDN 39 FW,https://ek.ua/ua/ua/ZANUSSI-ZRDN-39-FW.htm,"Denika.ua,Foroom.com.ua,Timesport.prom.ua,Click24.in.ua,click24.biz,Click24.in.ua,Tomdom.prom.ua",14011
18062,https://s.ek.ua/jpg/1998539.jpg,https://s.ek.ua/jpg/1998539.jpg,Zanussi ZRDN 39 FW,https://ek.ua/ua/ua/ZANUSSI-ZRDN-39-FW.htm,"Denika.ua,Foroom.com.ua,Timesport.prom.ua,Click24.in.ua,click24.biz,Click24.in.ua,Tomdom.prom.ua",14011
17372,https://s.ek.ua/jpg/206082.jpg,https://s.ek.ua/jpg/206082.jpg,Atlant XM-6224-502,https://ek.ua/ua/ua/ATLANT-XM-6224-502.htm,"Pro100market.com.ua,Denika.ua,Vodogreyka.com.ua,Цифра,Stylus.ua,Tehnoprofi.com.ua,Eldom.com.ua",14535
17372,https://s.ek.ua/jpg/206082.jpg,https://s.ek.ua/jpg/206082.jpg,Atlant XM-6224-502,https://ek.ua/ua/ua/ATLANT-XM-6224-502.htm,"Pro100market.com.ua,Denika.ua,Vodogreyka.com.ua,Цифра,Stylus.ua,Tehnoprofi.com.ua,Eldom.com.ua",14535
20394,https://s.ek.ua/jpg/769954.jpg,https://s.ek.ua/jpg/769954.jpg,Samsung RB30J3200SS,https://ek.ua/ua/ua/SAMSUNG-RB30J3200SS.htm,"AVR-group.com.ua,Denika.ua,Foroom.com.ua,Цифра,Stylus.ua,Zhuk.ua,Click24.in.ua",15245
20394,https://s.ek.ua/jpg/769954.jpg,https://s.ek.ua/jpg/769954.jpg,Samsung RB30J3200SS,https://ek.ua/ua/ua/SAMSUNG-RB30J3200SS.htm,"AVR-group.com.ua,Denika.ua,Foroom.com.ua,Цифра,Stylus.ua,Zhuk.ua,Click24.in.ua",15245
31355,https://s.ek.ua/jpg/2038594.jpg,https://s.ek.ua/jpg/2038594.jpg,Samsung BeSpoke RB38A6B62AP,https://ek.ua/ua/ua/SAMSUNG-BESPOKE-RB38A6B62AP.htm,"AVR-group.com.ua,Pro100market.com.ua,Denika.ua,Foroom.com.ua,Vodogreyka.com.ua,Algtm.com.ua,Zhuk.ua",24999
31355,https://s.ek.ua/jpg/2038594.jpg,https://s.ek.ua/jpg/2038594.jpg,Samsung BeSpoke RB38A6B62AP,https://ek.ua/ua/ua/SAMSUNG-BESPOKE-RB38A6B62AP.htm,"AVR-group.com.ua,Pro100market.com.ua,Denika.ua,Foroom.com.ua,Vodogreyka.com.ua,Algtm.com.ua,Zhuk.ua",24999
24428,https://s.ek.ua/jpg/1929225.jpg,https://s.ek.ua/jpg/1929225.jpg,Samsung RB38T603FWW,https://ek.ua/ua/ua/SAMSUNG-RB38T603FWW.htm,"AVR-group.com.ua,Pro100market.com.ua,Eteka.com.ua,Denika.ua,Foroom.com.ua,Stylus.ua,Цифра",17222
24428,https://s.ek.ua/jpg/1929225.jpg,https://s.ek.ua/jpg/1929225.jpg,Samsung RB38T603FWW,https://ek.ua/ua/ua/SAMSUNG-RB38T603FWW.htm,"AVR-group.com.ua,Pro100market.com.ua,Eteka.com.ua,Denika.ua,Foroom.com.ua,Stylus.ua,Цифра",17222
5392,https://s.ek.ua/jpg/1696175.jpg,https://s.ek.ua/jpg/1696175.jpg,ARCTIC AMX-088,https://ek.ua/ua/ua/ARCTIC-AMX-088.htm,"Denika.ua,Zhuk.ua",4799
5392,https://s.ek.ua/jpg/1696175.jpg,https://s.ek.ua/jpg/1696175.jpg,ARCTIC AMX-088,https://ek.ua/ua/ua/ARCTIC-AMX-088.htm,"Denika.ua,Zhuk.ua",4799
19961,https://s.ek.ua/jpg/1900681.jpg,https://s.ek.ua/jpg/1900681.jpg,Samsung RB30N4020B1,https://ek.ua/ua/ua/SAMSUNG-RB30N4020B1.htm,"AVR-group.com.ua,Pro100market.com.ua,Denika.ua,Savecash.com.ua,Foroom.com.ua,Vodogreyka.com.ua,Stylus.ua",14167
19961,https://s.ek.ua/jpg/1900681.jpg,https://s.ek.ua/jpg/1900681.jpg,Samsung RB30N4020B1,https://ek.ua/ua/ua/SAMSUNG-RB30N4020B1.htm,"AVR-group.com.ua,Pro100market.com.ua,Denika.ua,Savecash.com.ua,Foroom.com.ua,Vodogreyka.com.ua,Stylus.ua",14167
32322,https://s.ek.ua/jpg/1071432.jpg,https://s.ek.ua/jpg/1071432.jpg,Liebherr CN 4813,https://ek.ua/ua/ua/LIEBHERR-CN-4813.htm,"AVR-group.com.ua,Liebherr-shop.in.ua,Pro100market.com.ua,Denika.ua,Foroom.com.ua,Цифра,Stylus.ua",16799
32322,https://s.ek.ua/jpg/1071432.jpg,https://s.ek.ua/jpg/1071432.jpg,Liebherr CN 4813,https://ek.ua/ua/ua/LIEBHERR-CN-4813.htm,"AVR-group.com.ua,Liebherr-shop.in.ua,Pro100market.com.ua,Denika.ua,Foroom.com.ua,Цифра,Stylus.ua",16799
